Stripes,,wa_stripes
Polka Dot,,wa_polka_dot
Lava Lamp,,wa_lava_lamp
Bubbles,,wa_bubbles
Rubber Duckies,,wa_rubber_duckies
Kitty Cats,,wa_kitty_cats
Puppy Paws,,wa_puppy_paws
Birthday Balloons,,wa_birthday_balloons
Wood,,wa_wood
Neon,,wa_neon
Moons & Moons,,wa_moons_&_moons
Rockets,,wa_rockets
Stars,,wa_stars
Clouds,,wa_clouds
Music Notes,,wa_music_notes
Sushi,,wa_sushi
Rainbow,,wa_rainbow
Bar Code,,wa_bar_code
Lined Paper,,wa_lined_paper
Puzzle Piece,,wa_puzzle_piece
Tiger Stripe,,wa_tiger_stripe